﻿<?xml version="1.0" encoding="utf-8"?>
<publishData>
  <publishProfile publishUrl="C:\Users\LEANCER\Documents\Visual Studio 2010\Projects\studman\build" deleteExistingFiles="True" ftpAnonymousLogin="False" ftpPassiveMode="True" msdeploySite="" msdeploySiteID="" msdeployRemoteSitePhysicalPath="" msdeployAllowUntrustedCertificate="False" msdeploySkipExtraFilesOnServer="True" msdeployMarkAsApp="False" profileName="Profile1" publishMethod="FileSystem" replaceMatchingFiles="False" userName="" savePWD="False" userPWD="" SelectedForPublish="True">
    <file relUrl="Views/Home/Index.aspx" publishTime="01/12/2020 15:57:48" />
    <file relUrl="Scripts/MicrosoftAjax.js" publishTime="01/12/2020 13:18:47" />
    <file relUrl="Global.asax" publishTime="01/12/2020 13:18:47" />
    <file relUrl="Scripts/jquery.validate-vsdoc.js" publishTime="01/12/2020 13:18:47" />
    <file relUrl="Scripts/jquery-1.4.1.js" publishTime="01/12/2020 13:18:47" />
    <file relUrl="Views/Shared/LogOnUserControl.ascx" publishTime="01/12/2020 13:18:47" />
    <file relUrl="Scripts/MicrosoftMvcAjax.debug.js" publishTime="01/12/2020 13:18:47" />
    <file relUrl="Scripts/MicrosoftMvcValidation.debug.js" publishTime="01/12/2020 13:18:47" />
    <file relUrl="bin/System.Web.Routing.dll" publishTime="03/18/2010 19:31:26" />
    <file relUrl="bin/System.Web.Abstractions.dll" publishTime="03/18/2010 19:31:26" />
    <file relUrl="Scripts/jquery.validate.min.js" publishTime="01/12/2020 13:18:47" />
    <file relUrl="bin/studman.pdb" publishTime="01/12/2020 16:24:49" />
    <file relUrl="bin/System.Web.Mvc.xml" publishTime="02/17/2010 08:22:24" />
    <file relUrl="Scripts/jquery.validate.js" publishTime="01/12/2020 13:18:47" />
    <file relUrl="Scripts/jquery-1.4.1.min.js" publishTime="01/12/2020 13:18:47" />
    <file relUrl="Views/Account/LogOn.aspx" publishTime="01/12/2020 13:18:47" />
    <file relUrl="Views/Account/Register.aspx" publishTime="01/12/2020 13:18:47" />
    <file relUrl="Views/Account/ChangePassword.aspx" publishTime="01/12/2020 13:18:47" />
    <file relUrl="Views/Account/ChangePasswordSuccess.aspx" publishTime="01/12/2020 13:18:47" />
    <file relUrl="bin/System.Web.Mvc.dll" publishTime="09/26/2014 10:51:06" />
    <file relUrl="Views/Shared/Site.Master" publishTime="01/12/2020 13:18:47" />
    <file relUrl="bin/studman.dll" publishTime="01/12/2020 16:24:50" />
    <file relUrl="Views/Shared/Error.aspx" publishTime="01/12/2020 13:18:47" />
    <file relUrl="Views/Home/About.aspx" publishTime="01/12/2020 13:18:47" />
    <file relUrl="Web.config" publishTime="01/12/2020 16:14:15" />
    <file relUrl="Content/Site.css" publishTime="01/12/2020 13:18:47" />
    <file relUrl="Scripts/MicrosoftAjax.debug.js" publishTime="01/12/2020 13:18:47" />
    <file relUrl="Scripts/MicrosoftMvcAjax.js" publishTime="01/12/2020 13:18:47" />
    <file relUrl="Scripts/MicrosoftMvcValidation.js" publishTime="01/12/2020 13:18:47" />
    <file relUrl="Views/Web.config" publishTime="01/12/2020 13:18:47" />
    <file relUrl="Scripts/jquery-1.4.1-vsdoc.js" publishTime="01/12/2020 13:18:47" />
  </publishProfile>
</publishData>